src,length,time,paths-number
1, 1, 0.000124, 2
1, 2, 0.000229, 11
1, 3, 0.000585, 86
1, 4, 0.005019, 446
1, 5, 0.071209, 2091
1, 6, 0.664699, 7673
1, 7, 8.064018, 27835
1, 8, 120.374962, 
1, 9, 1497.383443, 