src,length,time,paths-number
1, 1, 0.000005, 2
1, 2, 0.000026, 11
1, 3, 0.000127, 94
1, 4, 0.001705, 728
1, 5, 0.030575, 6654
1, 6, 0.373285, 58752
1, 7, 6.688247, 522003
1, 8, 84.650781, 4564786