src,length,time,paths-number
1,1,0.005007,2
1,2,0.006196,11
1,3,0.005343,87
1,4,0.006111,451
1,5,0.008659,2014
1,6,0.012333,6975
1,7,0.014027,22868
1,8,0.016230,76842
1,9,0.013136,259791
1,10,0.012366,874533